Random Number 1,Random Number 2,Random Number 3
0.536021891444289,0.7530828823842746,0.9928285783227914
0.7811551353843583,0.909369697840319,0.30147197850922436
0.23896037692115457,0.6398386425414897,0.2537951242956642
0.9844033503897218,0.9762107806421699,0.21866426688656404
0.321470197531431,0.5664075496877504,0.05512632810328866
0.09156636304791288,0.8107478750689067,0.3912705013982688
0.781445528227475,0.18829040413938414,0.7214761024921929
0.6110640508267696,0.6598561217608894,0.45817333381932124
0.6941135135203458,0.9110051122963855,0.1911364024903941
0.7053518576275815,0.06125789100015633,0.08342573936990894
0.022170518075080747,0.829657767156601,0.5224344229701309
0.05317789569161446,0.9496554602608511,0.019231592769739847
0.5614375481803192,0.37814566939888017,0.7460188637221926
0.9560464299608072,0.16648987510301205,0.19664504565418217
0.3168170975743003,0.2945100875608341,0.5800413460731582
0.4624555658615652,0.5659903048394759,0.17920310053612554
0.8789068627069428,0.9436918935824544,0.7544372094772002
0.7602715288025527,0.25672718161245767,0.3951373004118235
0.950830871503346,0.6223775154842075,0.31151701608853133
0.8007385950188829,0.3088020390068573,0.6320119548959456
0.22132777585076424,0.0946456473162931,0.639462254704937
0.33492624692459005,0.9217753160655277,0.35826483481068216
0.4935943552712547,0.5864064226641246,0.042189358387392795
0.5563786396342754,0.2345665310435372,0.8901949214475339
0.7666414528077644,0.8008335188990716,0.10254939432282884
0.6556063374387808,0.8089252580691969,0.8669588795986397
0.25131037183880933,0.7830100045863766,0.5821554465051726
0.07007822829900623,0.06213433636482091,0.86604923521984
0.39258925533826516,0.8072282691192254,0.7958669204391784
0.5157386166228014,0.18788579677931516,0.4230384097747507
0.13449015613003468,0.005222969722756932,0.024490526125341083
0.362470924790245,0.9636566504604017,0.2800504978223609
0.36077231883798055,0.2507818362084744,0.5840257944302962
0.3737838763758865,0.31817242595600737,0.9266982760666017
0.985050633889191,0.48599759665921816,0.11515068842436549
0.7388989901331033,0.30803018818029426,0.6853225019048844
0.8539511988331778,0.1660423833955268,0.7987832575337341
0.09560804697934933,0.43147955567001284,0.4511546768577763
0.8963153709851945,0.25214095900198363,0.687221690398451
0.06488645235416457,0.9411867719812832,0.8790331416347616
0.94783313188428,0.8853945319676869,0.7222760413478682
0.2680918606502112,0.5175945641796583,0.8500042621901063
0.4988897909920639,0.24068603710154124,0.7646383263367305
0.8305415666709746,0.4257631993447287,0.5742620859161678
0.5225777281198561,0.16879049127016843,0.003768922658316076
0.6057746202720855,0.7945181052732625,0.25772669093264167
0.762200146298918,0.06949379122778543,0.6585965564135047
0.837495080043645,0.8876415516987516,0.6943692928661397
0.6492144950546022,0.5993758915141844,0.987530726163934
0.17058680672776405,0.6097210203331108,0.8552017582438839
0.190186827137504,0.023453180242001714,0.2301994683026225
0.46634874877347354,0.6910802489381158,0.18976626777632744
0.7651555791076583,0.7094979296492713,0.43073720842287844
0.2591155066809111,0.6065562050599748,0.12136379055166235
0.5600438690505357,0.8904392916901993,0.052243019768057786
0.5798580872948078,0.9195830285649943,0.890596501518511
0.7770598604788096,0.9653091865494258,0.9928989391464192
0.692027519217807,0.33380806816408226,0.6474503807754044
0.16913760364598873,0.8103945671647261,0.8814796155222568
0.7143278686740927,0.9623643223982882,0.08475178530492644
0.925552067742007,0.7459075881026507,0.6056810451689558
0.12275291859003945,0.9442793902448853,0.46721379435466115
0.2851629035752492,0.6123909260232725,0.9049334545106354
0.43505790609452166,0.03893826769436548,0.8441579603954216
0.2562879118634702,0.9724168025862251,0.7542211904461731
0.9093439803646945,0.9537946018955256,0.5076172052997858
0.1672593026681205,0.44798161972370243,0.9510205077356001
0.8704311883657287,0.28629553535458196,0.8508820746104477
0.8809139818503565,0.07268180802127333,0.9688913518052212
0.3159559775953662,0.15976258395450793,0.34451611798315684
0.13744356022344073,0.3838791891525951,0.7199533817430194
0.8727455501702914,0.7014186168743325,0.4055569362951217
0.3551679209406824,0.6659881983140667,0.39094082459436796
0.19606591767699988,0.7138022578887798,0.4309275093438891
0.586455640685752,0.06988995705933188,0.038161715110345384
0.5084738413038075,0.04350156255313897,0.8465544606217585
0.6594354725871867,0.43929823510730004,0.3605209014814287
0.042377814437540184,0.6166590767271787,0.7062909800260061
0.4818919889562332,0.27895481901660113,0.42555765146382396
0.1541956977734138,0.5494411577533083,0.7706528924612298
0.7617499678862965,0.16757443861545174,0.7294938659265012
0.22417788876186084,0.3838982865184377,0.3487218921355022
0.8024123428733496,0.10407387146309732,0.9322638565829348
0.722423555666448,0.7097668991405476,0.02932626931655291
0.25016747423393615,0.9891124121535388,0.6701602253563296
0.0944207698261057,0.19152508780326483,0.957667483830315
0.9931401036931942,0.37302785084916923,0.14416251895843601
0.46583611051638396,0.10934632307390746,0.36598357576522944
0.9241336343175662,0.7902953497080725,0.45879343239511083
0.8577743194255225,0.13211503838805894,0.012261731701643575
0.25313086511732397,0.4017736155530315,0.4230014264533781
0.3822841504621164,0.9718477171472176,0.4120041447286026
0.5718870102880103,0.10995184424406446,0.040303954700163125
0.8655674610335106,0.04009955408462118,0.6181244236106845
0.8634030418803952,0.11158636732531002,0.7475869230887559
0.9557237838624381,0.49534791752147866,0.3207639819491599
0.921375761823622,0.6962664245427179,0.46695529814069325
0.452468904055616,0.7432965143016429,0.8706807675420052
0.6781889972396404,0.37678942860965625,0.3248112919020021
0.08936139318661807,0.3643774729262649,0.2906134789278094
0.5635290135188944,0.1628375118637102,0.8073605707735088
0.7508291737920841,0.9922597126586282,0.7615386553908499
0.3143667433412791,0.024031863107659923,0.31347388444524293
0.39875701690212995,0.348848654598929,0.02519335583161486
0.6864653140739697,0.9506703221844405,0.18179791069897322
0.06833780742729778,0.9578671740451413,0.2678056606820485
0.4801345484524119,0.29246949813825474,0.24123501148910942
0.9105687367241442,0.3623022937863264,0.9225575850792256
0.6924879265174395,0.09101559641861756,0.40237220421824393
0.381057368042769,0.6679771797131788,0.01569589363796664
0.06722654402905348,0.20193890698682448,0.20882162641156643
0.7847541774675078,0.8770055725017647,0.8834345143305236
0.7011453275233355,0.6298948971832561,0.43594332675390657
0.24561813611396477,0.06986465486915361,0.5207300304556784
0.4496118999569626,0.36482204286619,0.6083060448395103
0.11627561171908551,0.5460435262364016,0.8771099057813235
0.3491001177793648,0.02713668463716923,0.4668754135748079
0.3912735442194536,0.061286380487997505,0.23553425907580405
0.2128118785005927,0.7229732567844104,0.5957346901520485
0.718511652535891,0.6441584637324378,0.5186414275428006
0.9351883520708664,0.7778861812577581,0.33029534465822996
0.5617720923992656,0.6152328359175957,0.49973060874118447
0.7705263001740991,0.6112304811995419,0.8135702145601998
0.6199559201017717,0.691343411278459,0.8414654901279615
0.6351870721923997,0.2415074369904726,0.004981733910529251
0.3415103908653039,0.15024252449691955,0.8458026491087931
0.4047812068036287,0.5076277895536114,0.857403926210399
0.3162703536057685,0.041051729939382775,0.6918530147017117
0.14166389318237083,0.6251357196503051,0.4374533921187208
0.23170143108927732,0.28867445323316443,0.541291755002828
0.8425955023107904,0.5294128462336035,0.4894025814122769
0.5583263000905909,0.1173410447289508,0.04226122662747822
0.03714915826281273,0.6745686926145196,0.05613244123950689
0.30889716851955495,0.8845079206889468,0.18793141536983504
0.6901071285438181,0.7917099219469321,0.6549478614897658
0.4877438207114809,0.6561524427282281,0.9020061890197537
0.7828108636742261,0.8909417906297614,0.49480135026432703
0.8639150515873192,0.2446536777848084,0.9919584059554802
0.08506677383947736,0.8742655219033927,0.6389594367462372
0.11129942452315378,0.36675048554153267,0.637369328485023
0.579623246923028,0.31430959208372466,0.15994531263687906
0.9747190113820947,0.5565080366004677,0.04422324222115914
0.728115610265201,0.001704475793171345,0.9883319809641059
0.3341563090094193,0.45217069807940014,0.47423213019738686
0.585217818543967,0.297041897587904,0.9268392193187355
0.8479324817414794,0.8213401529233375,0.37360401802638143
0.5057128635383166,0.4242516101114152,0.8152276548657034
0.5644030392437454,0.406139237197368,0.5036592801455059
0.727915853236089,0.46414524014291314,0.35837397460202747
0.20866283024531118,0.5741639487057695,0.9110930520375238
0.02747992108800934,0.5124568078186998,0.6906010378814845
0.41186734713144946,0.9717774759955043,0.674620442309601
0.46825692108649564,0.259958550272838,0.7336892977228126
0.794490664898501,0.5183548157159318,0.44583367309927346
0.9708478911229663,0.30709261091634554,0.9383965007797074
0.42711181429367195,0.7798459833743258,0.8993278187887751
0.4131792798114654,0.3880031092307621,0.7578754082807309
0.9093206006841502,0.2916229876759385,0.1821881947763897
0.16639014754896242,0.27551718647922274,0.2221383561734246
0.668704160337176,0.5177792998096099,0.5893770248038137
0.7218846194094171,0.795142450056879,0.11979565339725018
0.7100368625908197,0.35795018383220956,0.2034100332437132
0.047924825331510545,0.14382016274654807,0.21602642947375772
0.29645096544347416,0.7154627830048313,0.43492711216463886
0.6234020344684803,0.9876960782963426,0.5334036405041787
0.19980098096982124,0.523659479238794,0.5517478631628066
0.12894783169707114,0.8553402115843154,0.48342362834620856
0.5939543542202754,0.39029766561366996,0.13531752075787185
0.9200541385312517,0.6016529961129187,0.08157297057050072
0.3583376736564178,0.18490252100260318,0.9993483316910506
0.6106863109153214,0.07949079213864119,0.30136211745219355
0.11545056903292139,0.5060693202008214,0.849387317970931
0.9082277599845743,0.5898924445688662,0.12074812824933989
0.21134713271148864,0.7090059196190964,0.7929533214160521
0.8457102593528141,0.17034135368609626,0.9751616394225
0.04935272008584046,0.29887057790880944,0.7982295972083093
0.4710477611803662,0.8018134390300968,0.2973835449523984
0.19715846059533737,0.020111131368157675,0.21385237466272244
0.5742583801032459,0.22116716747256282,0.963216223650186
0.5712368780914792,0.8547844169274535,0.5836805350917128
0.12049192246879203,0.6368769819065171,0.9719206407580281
0.11747365039120616,0.5059149212185736,0.8604989048016985
0.33835972050783847,0.7721293761750847,0.13765866569532115
0.6912712561062357,0.464073679955613,0.40574167464910627
0.9323178875917856,0.4358769673381391,0.7846140321016396
0.6123852680369812,0.23757830033048877,0.4114905191543027
0.6059444651591385,0.03964141754710271,0.11031089461638577
0.8199580360835095,0.13989503436365536,0.6095260138983116
0.5230020780829637,0.8169383840339611,0.14327083370082427
0.6342898031754061,0.017458537575005928,0.6984446259156251
0.4808257430522118,0.9786340481805195,0.07656186075436755
0.6580610190731006,0.2600440475234217,0.5535149021225511
0.10546211683066242,0.9418959299266676,0.34326066787286824
0.28722899375601363,0.636295059339438,0.09985602126576221
0.8433558115969028,0.6182828034163076,0.06102529588725891
0.029467178945793426,0.28054501802041476,0.663103521936551
0.19993839204327202,0.5304080465736674,0.6180368809585413
0.06923587973939593,0.5361595907421889,0.7714955917658044
0.19643894716152033,0.7678435009021073,0.5241781828100731
0.2772120544309269,0.3828951444431191,0.9128466057026511
0.4838177031580444,0.18824424538710804,0.1627857213104109
0.18452269743493477,0.33721804542412515,0.638026028374877
0.16563961111610515,0.516657276363052,0.7701036943024262
0.32279852637779327,0.9090784808609917,0.04636150472896261
0.9753098361471149,0.6003459784339321,0.5939119981648245
0.4628764400342996,0.10214172917065145,0.3046582946073515
0.15545904590912996,0.1679796914108308,0.4191973800219313
0.2355205804464775,0.48925226804894073,0.9494752413553
0.01673013678583901,0.5857468888122715,0.036030670229081796
0.38805591512661486,0.9824316415215205,0.9698049615989381
0.39033501147584404,0.7493369484874739,0.018412957378395878
0.7549920926774873,0.6851942717309544,0.6232793201487055
0.8662964204598057,0.17882519440786016,0.2984634550872932
0.8967351717224276,0.6739829129422421,0.6635349068729142
0.03155915036989332,0.040302828381525324,0.7952665627742574
0.5099176363608944,0.23053309711483405,0.2050531026446536
0.9960298519353049,0.06011947844725074,0.11076629104987712
0.7244361438663928,0.570507320486508,0.8004135186403977
0.5810791322891647,0.3324002062909913,0.27074093394171284
0.5257563533006758,0.38990554776050035,0.5478986012387689
0.05951503314814455,0.8460478009634588,0.8422704338005421
0.8347979147373553,0.6890595819514503,0.07936769821760847
0.4586800032189865,0.9102542697288711,0.5423912377754552
0.5378220221941781,0.7974109468006404,0.22434345750114948
0.37010973458025154,0.6233779458830352,0.7494830165775331
0.7088747972162996,0.9063996716026466,0.09930567925953859
0.2970958602691345,0.4763741662205724,0.29421974724620703
0.6686902628885372,0.09525593654712505,0.5176911961675227
0.9130008775719908,0.2582682920853978,0.33385013298619426
0.6684518062919438,0.5354212328601236,0.1411301572834014
0.5826391902879364,0.9597805547757282,0.34748601879203367
0.6526648210690058,0.5230663863874049,0.37417118798905225
0.08817602122272894,0.35584815934096214,0.47402108361783535
0.6705064702837168,0.049883878668079196,0.6427848985737723
0.7642236164682524,0.16981547062431512,0.5971267449157237
0.6994472502964775,0.32583319377784103,0.3898298994746594
0.8048947057624711,0.16265640472561127,0.24404927661089848
0.8510159266671891,0.8719728991659227,0.44348854156841044
0.5281375257589194,0.2066354505909802,0.6587058219631251
0.47024876097454005,0.09249777933574921,0.8385842973338472
0.24804348998501724,0.9594707248405538,0.4029641601305196
0.6815396227039555,0.3186300068049924,0.27048022039861963
0.6892319523010009,0.6660454124824765,0.4949466025938939
0.2793178157019356,0.4848963811773852,0.28971814119387895
0.0599049894205258,0.5885595901416059,0.8302422548019704
0.8777156269954872,0.6289014171310491,0.23447244535252632
0.23064853632790927,0.47798775428132567,0.8313454621131476
0.3343059270222667,0.1749238440183335,0.5959565025631758
0.4854626218199881,0.49050602193628434,0.02728844709324163
0.9227931071138549,0.19348337774394164,0.5624488864735651
0.05783566496555059,0.573519282313963,0.5446740763940667
0.3641662518944747,0.26823190634245186,0.8050354308641431
0.3054374977699451,0.411286655321211,0.722763358966777
0.3814413215131651,0.7221851964290839,0.7794637322833813
0.869496009108022,0.08812464735880543,0.9323654756012856
0.5907732637950772,0.7802405043294841,0.7664500998023052
0.19553552591157541,0.49692204513798655,0.8763199972345728
0.4381545746383333,0.6400879858706083,0.09497707133436484
0.42669994702820446,0.9019882021904634,0.06311619807340452
0.0067844607507066,0.9444985582808364,0.44415384802723845
0.9466970532730489,0.4909383625675101,0.23635091026815702
0.019687124138582868,0.28795336980249786,0.513757933199638
0.1809281126479092,0.3174655990628398,0.10819017324215152
0.23483757235559133,0.8302863674475172,0.5024702395288759
0.4362490607496403,0.8147238612272734,0.807776323288511
0.20745327213816567,0.29161010717196756,0.7724451491284327
0.9667785355781352,0.8247223749226189,0.45742149796489784
0.7372048931050768,0.7304134751381008,0.21130663958910167
0.7275910448796262,0.18234714751298353,0.7050678251146077
0.9047236832114705,0.02476738427790237,0.344486996860753
0.6783660458227735,0.7902118221991595,0.13067369902238457
0.9078792766502553,0.7142460493919468,0.7022631451592618
0.5667347509940969,0.5166135070110514,0.9900394330280525
0.6708669983183017,0.43698951754426385,0.19464868390944345
0.8108150991379913,0.024435763222434348,0.9854826512254036
0.21109043634480706,0.37571562841389705,0.7738874736189988
0.8186970474608996,0.4743660167848227,0.3524725553283128
0.683564608007096,0.7241739276440297,0.27212415796471356
0.7837530164484819,0.9888951459994344,0.1500723247000223
0.9728596321944348,0.631257185806502,0.8275220279476996
0.07111627335904291,0.1886073661765455,0.31898278164452853
0.6233427659118752,0.2217157057170056,0.8833764218188135
0.4801017342384347,0.19404553759532672,0.646906496888226
0.15861294846423413,0.5780206560196888,0.9141459835056708
0.6548499986679043,0.6635009481608659,0.6871568699692678
0.5208042087907186,0.8670539466587042,0.5307508618604564
0.6305386480487206,0.6548464006888259,0.3435899576960798
0.5212659321401144,0.7389879834849913,0.22566539387003015
0.8709609223165372,0.4236727937910256,0.8557675778848362
0.05653501509830883,0.1864050508277043,0.11371458124016098
0.36425223989988564,0.1607139926106469,0.13559948584486603
0.5299543574574688,0.6002662464632126,0.9028802612171328
0.07972192285720925,0.5712506588116634,0.08648972041160052
0.9524373211796641,0.793717452984818,0.042074638242145856
0.07710433625057089,0.20246475142282627,0.11953818949532558
0.3828054872838419,0.1443428056312671,0.9171423524732093
0.37147561302574605,0.8995481541095658,0.08835199776960112
0.9323336320783029,0.04271116310357914,0.42849136988387004
0.5625692385759203,0.3875447662586142,0.4518891894906014
0.7716334957738284,0.3553698608786523,0.8625896076932341
0.37610101640590776,0.3970362089589553,0.9398036688832387
0.6749219054260249,0.946639947268095,0.29016208991207515
0.49885209988219326,0.31493939547074157,0.08707648675763924
0.19746591041469064,0.6149955780203749,0.1415673001822113
0.6858726733432468,0.9726389822833166,0.16215609810523168
0.5276205880257443,0.46730614005114246,0.5130942802566842
0.23272804211864373,0.12236976776398167,0.9068997862464859
0.27804517490945935,0.34015782820782237,0.473768848678087
0.20738854327763256,0.681522472882785,0.17591038371003664
0.866999225319507,0.9188363770632494,0.41787744046908915
0.5059566159243185,0.05989237226398492,0.4102430173136832
0.8887515284830101,0.9319242606075491,0.9690366068798868
0.48673279007207204,0.564771792533285,0.3883474339024212
0.0033239164730540782,0.22892131857833098,0.011835643528371631
0.46356624361025367,0.6165937201222553,0.5041242742912376
0.18353375492158075,0.056357655244905214,0.7975964328330435
0.8112328076502769,0.5239124649668712,0.4157204759522293
0.1984343326803757,0.8134344405766725,0.8889717577844327
0.6810024563921536,0.41515102967328577,0.47057624226848593
0.4240948968602104,0.4653757039145965,0.9457720181072534
0.44030011767768973,0.6274018133805388,0.32568946743809324
0.7141356187068515,0.08442092231777631,0.9949417903448684
0.12842614317975076,0.26889845720244676,0.9351569123283173
0.8328413253459505,0.3117064844083359,0.3158512594280123
0.6238663731166435,0.2957647000632079,0.7208611442275357
0.05858983956134611,0.5271046200404544,0.3428495821528238
0.3137087333275329,0.8798078244124671,0.7373352611033862
0.423511480348263,0.5104927530014551,0.7595809425917236
0.7107786306130238,0.32761213134450695,0.029944326488895
0.4584614529111041,0.3506599678656903,0.9129493171613643
0.8464753903736576,0.4021338713674908,0.3713308461619512
0.6529150347472319,0.6449368529517793,0.15069777982306443
0.9811541311424316,0.5692367775650956,0.07052047102346315
0.8026675359670217,0.6784995775043698,0.3255659020387769
0.09998693144630844,0.9862385523634993,0.08096983014959902
0.8036344143129315,0.4575671889176378,0.7314176791194611
0.34182112238217544,0.5614950839038026,0.05489081761348413
0.07982916920244587,0.8428821953778796,0.3499152190132526
0.06707811617028958,0.5440966915380889,0.34330399850880255
0.31645277154423257,0.09704854075923974,0.5150730789967228
0.503978938543415,0.4171210787133435,0.12374599092072858
0.42456781825236267,0.6969205332639298,0.37232364863057377
0.7017956718625691,0.14024642989806313,0.5931909771521252
0.1952466871875329,0.4658937413292574,0.7842738406101347
0.13332737515198367,0.6721543748081164,0.01988920226534563
0.787531861799661,0.11205947667154814,0.2822327215339142
0.19279237087371126,0.9749647803288726,0.33375492669633633
0.5504347378208807,0.6917182353898861,0.6779570462349348
0.949362669165323,0.7373424883005448,0.4152080969663592
0.9760625105113301,0.48975711138194833,0.02860749225620418
0.35833103994447835,0.2593899947032329,0.3331683161001048
0.3613807676845806,0.2628444160905945,0.9632652439279087
0.058912897196571,0.9956374170099913,0.377195489174841
0.34968261871829187,0.8700174590568951,0.26993447489543143
0.6171693461800473,0.9575758737400353,0.3787080024373568
0.6733201711876037,0.4107078220578223,0.35584804661643543
0.7370104353576687,0.5187478269583782,0.9452138000297271
0.490342174492545,0.15829117921015345,0.017465188934511322
0.926720335697657,0.10048826955734624,0.946539863956405
0.15531572719426368,0.6049585142692526,0.5578130248189453
0.38401239096119477,0.7051140570695674,0.962399525849726
0.8610970806005749,0.29437528888257625,0.5983420492113567
0.39815183737303284,0.06989933863296327,0.4299514088868298
0.7373868294713678,0.20861636089129676,0.8899547851270567
0.5424841298185248,0.8036966012681411,0.08967250463023102
0.8371030131477738,0.029275531956642453,0.16022915269983107
0.9961276752886614,0.2220410500739003,0.7360653955253043
0.9223644554237856,0.007359850729300121,0.6506693159098826
0.5567699256441945,0.2933774015836327,0.7529541706692051
0.3046619255321209,0.35586687292353425,0.2167731522445081
0.7179731448705299,0.7005619197146056,0.9782127912417543
0.8465531658540607,0.8857426668744772,0.7725024216883802
0.8472361014895567,0.37527666261528103,0.5443173068356947
0.27782668994260984,0.7160055089783405,0.05785076362350183
0.5261446012368302,0.23253167078423753,0.523983404033275
0.9062245074525427,0.7194426092959395,0.7217427401416635
0.017663426175644203,0.01539163654699427,0.83688550707289
0.2622661631112978,0.02220981206430639,0.547214561521238
0.523277728494084,0.6047755438093579,0.49357549105907894
0.21959366774899303,0.2035114781242655,0.6252465865155107
0.9095042824414271,0.26936815023524974,0.6248208074002547
0.3139450841239615,0.23488563972545662,0.6215818283033124
0.5872844079064686,0.4663231166248403,0.5635544462227344
0.569225838668099,0.5164819023472044,0.21587022012238388
0.9978712712899068,0.8265573922327605,0.5090575696542046
0.46301999039011177,0.1119322924894871,0.669402043129213
0.9884363621043228,0.28367905253666703,0.34608802412665773
0.36657197284494647,0.020597577874868933,0.8446891310283668
0.23618394958270017,0.9863622635881857,0.36915199724427017
0.973015353199532,0.12154040125277144,0.21908786850119477
0.008494955069847654,0.3836450335741777,0.9481530914086828
0.2244501511064927,0.7328295695326102,0.9211982453658215
0.7219819305692676,0.7001236104243149,0.2564894329940114
0.7489444218209663,0.23723636497193,0.840048967670306
0.34577939128807955,0.6885764487476248,0.2539758484590312
0.22518965098534205,0.8014546720952481,0.7108115749382541
0.366888052984493,0.7581560737313418,0.24246324363097027
0.5537361089860214,0.27768986858494216,0.8782271813227224
0.621403495274522,0.0780558738530912,0.24018600567048887
0.20484458409311979,0.8963635257915357,0.9522906906620089
0.15407116850630165,0.24616420113364856,0.3083884214940176
0.778041994387049,0.6513873230628023,0.5481684730751581
0.2408685285438621,0.27533331409946427,0.5643888562510262
0.983238383754993,0.8583554137011178,0.8210192012642786
0.9047118189858065,0.08159426196889974,0.08911738811350078
0.5746126936106806,0.57439379374563,0.15639637456694022
0.8082703426106514,0.6546374876486193,0.5274503302654502
0.9005903639072159,0.7392011977440618,0.30126302699744056
0.9164233191925558,0.40171046105413266,0.4727260977152914
0.8499536590226201,0.911102760800093,0.2044023906336827
0.6141448352610117,0.7340680696324089,0.3857840615961867
0.5263469948999357,0.598968217011372,0.06932360779725588
0.8966094620606367,0.9971016753563267,0.8575023868944137
0.9548081942958903,0.3965382151099134,0.6277421450214233
0.9940156227957937,0.9525463017124008,0.11866523615167313
0.5727381660721385,0.6687235207984741,0.8025102766341919
0.9350766946561345,0.49269107968149684,0.13130250389773002
0.5111391883117412,0.6164539257675572,0.7207726029302147
0.2650109882525342,0.24417584431191353,0.0944309758505969
0.4012057793685643,0.5067092400195559,0.8040914303301853
0.8628059446034558,0.15787417745551913,0.5456423311540983
0.5161912795154121,0.4695302938233763,0.38308368327496234
0.46828027981345943,0.9951422080949813,0.004663381412027157
0.6717297389123239,0.27156771239895305,0.900280902276213
0.19216839032012611,0.06212240793334112,0.04349807925933524
0.1593293186440239,0.9078042901149079,0.7258694385950053
0.2726430819630501,0.7864903035484409,0.48354807188021565
0.7448008680331992,0.025824735607314464,0.6280072231559324
0.6530912361224512,0.7888804853697078,0.27571175147069615
0.9587472043427999,0.4534711849388585,0.5318116669770021
0.9436326867098042,0.27567077078604174,0.1843520814285755
0.5769087426855108,0.8817602978558592,0.6332590552989666
0.6164905754711895,0.2636932371595746,0.49010665224606687
0.6575706838626039,0.5086211672023996,0.02216321198729776
0.17448780510300477,0.05188209430750257,0.3274047719342478
0.414517580822655,0.02270801114063481,0.10937722057791988
0.21533653754244952,0.26833669620073064,0.6787932716618005
0.17711257480892606,0.5644830552366817,0.9726336851748935
0.32447791045573904,0.0654822136624219,0.976458973107904
0.8118697721072378,0.21314645934636423,0.6926578298516712
0.8281360841955688,0.6364618080343075,0.23695899476676374
0.6232702958453605,0.74890167950637,0.8703372917477765
0.2248491736023558,0.7470759141550474,0.9784994116032004
0.9709515008915713,0.8791424684209675,0.042993887007254816
0.7394538262671513,0.5386592930885606,0.2725309697754239
0.22733906459313558,0.5656478629081806,0.6146673705568871
0.05602172657792992,0.950406814804612,0.3561519731804542
0.7919522816505031,0.3761262040375335,0.023161567191283816
0.9100793335019188,0.9496923405699766,0.6939448776048038
0.9808892278651419,0.27770625851854824,0.9827967907143813
0.12231449975531128,0.38670437865407836,0.9539732554565425
0.6496232347432571,0.32886457324368235,0.9493678763512471
0.04456760947396632,0.9554368326581426,0.5420368312997977
0.5402118117012402,0.8726624999716875,0.823798773474744
0.10258385551016624,0.7443966181061702,0.21957422076234223
0.17462048170298983,0.17358238325061393,0.11971547323230869
0.5955285443353875,0.1338192954226246,0.4262008197755367
0.14748342759393085,0.41743281486544026,0.8731545255846794
0.03786032584347787,0.6697988069277925,0.23889178685344037
0.7819411217380435,0.6053014022180565,0.7328602306742663
0.9345299173947507,0.7478606351781554,0.5628867405119661
0.12892554761970498,0.3273695051438774,0.1425744538591046
0.756895001112861,0.08727831288739041,0.8709446809404388
0.7332868527930596,0.7144321050969701,0.5461284433997029
0.988581701731846,0.25451400821797654,0.21179313436152958
0.5549215628041968,0.11126230136903992,0.12263425316874699
0.5133678946512752,0.9461279873007093,0.8751883919482568
0.9578220919272212,0.4540841415525396,0.7272219389933962
0.23435920979305236,0.3127865770044811,0.001090803663583273
0.605723170146843,0.361139756073539,0.37706970814141794
0.37192108431830817,0.39228509409174994,0.07527240934640378
0.06974672380367242,0.8426186202889734,0.6518797979161062
0.3112494600502025,0.7032240588953336,0.6505054125023393
0.731548153787285,0.6592723731132637,0.7292355272009394
0.3808172870520433,0.5499390924549944,0.622064230349284
0.8159800332671135,0.05776546619029166,0.41287127611366004
0.7874437636918175,0.17204374627846286,0.032815561981797914
0.20238791141513823,0.695019244185333,0.6880137211361347
0.8049173957279365,0.6702262925904359,0.19419569840205064
0.2467803400120928,0.13113457384472627,0.48303912756551204
0.7784351939486728,0.1132536382773951,0.1446055908410987
0.598656684780387,0.1909676523937166,0.2261289720556504
0.674806494009832,0.6448343140685457,0.1950862631847079
0.810606341627789,0.7996705764765631,0.5114653797004858
0.848507130672414,0.5567978110953121,0.1022069171356399
0.6797753598532008,0.04788232738843534,0.38582535792374384
0.868541146035146,0.7363365350880889,0.8598537577206778
0.28102130505741907,0.31782527867628796,0.6867915790464711
0.8602170294804007,0.25093635066771514,0.35000926254562614
0.16372041196346854,0.06267802919444965,0.621627499631172
0.6485821917880029,0.6304940348559269,0.5264629557141792
0.8253478372392548,0.9106906228420623,0.6992415270584047
0.09556266300778382,0.6664354580434328,0.3144336756300967
0.5632432176709445,0.5125732720331971,0.986309935871951
0.9690014349890865,0.5732000108950085,0.22616586694395868
0.18896989587390656,0.44474052553453935,0.0461349450148244
0.12388627287409049,0.05101322070046588,0.3125681129890058
0.248099032227872,0.0769501059339045,0.794306742696178
0.04141918399693023,0.6180544623064832,0.8185424181214063
0.539009214264778,0.5522425560772177,0.8674190327352133
0.23885502418359383,0.5046702600452906,0.25607955864382503
0.8910302912216815,0.2327950885778819,0.3557995800765452
0.06589472235313243,0.8017649590168234,0.17359948286318216
0.4538273376608746,0.7902248473575973,0.6384846540223023
0.17831161012452557,0.605554984802077,0.9566601115389415
0.0292540259043077,0.6411818392160504,0.7640573409599754
0.8340409664178564,0.8476641201248353,0.3289958938459546
0.2253127866521153,0.2950343102616727,0.5785296514260994
0.25481250966211133,0.9509727903682744,0.07213596110632059
0.13255533015632281,0.4679522585703102,0.9038688155420828
0.5199948480888094,0.3841348193019961,0.8687465251771409
0.7522792742311508,0.650621596160882,0.6908261438892433
0.6702901784892928,0.20332031765879188,0.12134033236535302
0.7563041336668612,0.38349505640407533,0.5588848333823226
0.3346300926798724,0.7074753388434596,0.2957864410870066
0.5257091210861997,0.67700436626825,0.8116288072850134
0.11100067416616288,0.8079601432740057,0.36625893397526865
0.10703024402518091,0.6786556644916748,0.7188460614733883
0.7315902842075601,0.4220580390373154,0.4046358806431676
0.5770952269228659,0.6131126493160719,0.5175843611334908
0.7926126608758479,0.617341958880995,0.19341332232456965
0.2064568733552138,0.43013136177417355,0.9268920387183883
0.23038312666470318,0.02435400902189433,0.1985908723844677
0.6073258813693264,0.2426028542028933,0.15058786285148928
0.11936801507350825,0.7429076591195658,0.9427642466204025
0.9829425903842418,0.6123766289804258,0.7866932400842668
0.5960828318624777,0.14369343783129263,0.8668593858329202
0.3385968544336523,0.7073634208390456,0.08353664182703668
0.19993037717353246,0.46125116216650597,0.5510823778330143
0.21563752753239462,0.7192422992894644,0.4415094526862189
0.4831699379212451,0.45695232047336287,0.8877495786588141
0.771856892614885,0.07209152662009033,0.5859755905248215
0.5446777387944556,0.7233216156522077,0.41878247081853537
0.5865562715604656,0.06967980273312158,0.26634873887218813
0.1779726338473151,0.408669543339793,0.17520786933498567
0.6142296773337379,0.505973849935402,0.9141140920872118
0.15955213799330947,0.5268335619946533,0.6217173585210293
0.4285927055551514,0.184827491378029,0.19212397701814576
0.007046881546670103,0.09701050164903435,0.7368457946273025
0.43367826328544024,0.13931498735811765,0.6606729136425022
0.1539252368486297,0.6322183647802654,0.7295143312939403
0.21337043808160772,0.6124420711826682,0.8618008269194205
0.7735615241009917,0.025531728252600305,0.9147179322865026
0.9930261512981129,0.25538406733521424,0.7686155597277733
0.8988493022191464,0.44009606749728525,0.9852606914473641
0.10299134615007954,0.6845222684611463,0.004428425965354754
0.206599829008149,0.7405680045968186,0.2112490300536054
0.18513816396631388,0.37651566969061667,0.8866731604569791
0.6423715751616411,0.7861053039042694,0.48225164037032897
0.5231633694186166,0.05578813344974132,0.7775828594454927
0.27596276323118907,0.1974621427934108,0.6817077522499073
0.5584026481822907,0.9935317019403233,0.09968062247374876
0.12523407244905693,0.31010513087496494,0.27784090373687687
0.7264471062270423,0.8976853854570126,0.92852664830026
0.8077843794293385,0.20942118857599934,0.04362724733193202
0.8160236739954899,0.15294297243622912,0.748227364046217
0.5017942058614565,0.8442447588973051,0.6280978544600536
0.6941150215457854,0.8736992608227059,0.6462821296873194
0.5483598992836918,0.4976819237783009,0.5710510821327723
0.9148767853934179,0.43668599101618744,0.16777470373010284
0.08400553780229747,0.2260591561729841,0.6817469613473561
0.2348878047347026,0.5747950728673649,0.8424043078033948
0.19454698165983042,0.5271865027775499,0.6238069972226858
0.3012119655712432,0.6249912287862683,0.7876969090635678
0.48589623262408255,0.5416101737986331,0.11759732021216274
0.08346318503457273,0.0036655763516295625,0.04446773814020577
0.8330986747295815,0.00177311429484317,0.67788873957214
0.3172035237546551,0.9697122754934587,0.655674314217481
0.21035277265308072,0.5123819789335334,0.19037849672910867
0.9393594866494714,0.4454284030429091,0.5977891500731592
0.2508620207225266,0.8961826196841063,0.7970914144126466
0.5344867264970015,0.22587541667969724,0.36660464122345693
0.9641851944696427,0.5631213706818597,0.24338765453062772
0.4088855581327978,0.3925393452832424,0.38471834007802597
0.15740353309663802,0.4234312284584323,0.25565226655516504
0.07377580577834308,0.14306702978653674,0.2256905757065052
0.445714298283458,0.4572186866083464,0.07891035384640943
0.2976721883182213,0.25903525648687065,0.3110339901373097
0.5851935805383355,0.7645818220451427,0.3292493583930791
0.27503984046304597,0.2167533407154093,0.9467378389497304
0.22209707519522792,0.02110827318679631,0.15379490647189153
0.40876463321252476,0.7818805390800487,0.49098610049982305
0.8055889735167487,0.3186522915521134,0.27347971476604216
0.3733484999101224,0.5172509382896049,0.27130901905380334
0.1497190488756478,0.45402947813024463,0.9270311769021409
0.8179152033313476,0.8820379062382425,0.08481043394647636
0.5023599749959765,0.4601083361594256,0.7883429211901865
0.23731338644397393,0.6909665758886825,0.9662124651522289
0.40849465693159404,0.47216637213715795,0.0657415374134932
0.3251555323565132,0.8185332128374825,0.4467850059511984
0.30513444615727014,0.6717533644390931,0.15631623429929065
0.6436560738616756,0.725992610407788,0.09285864689105428
0.7230244973329285,0.09983960722584506,0.6892082583236903
0.10385385362932364,0.20287789040524196,0.5802091544301179
0.6288622322509239,0.35470062343452846,0.5548011891709478
0.9319053124819701,0.7279513536498023,0.626499447356916
0.9654927514303987,0.9100929299179693,0.06130877508377597
0.0836456889762015,0.3976422780701476,0.12503623737773506
0.15102673006155998,0.6243801498808874,0.2350037543918203
0.47464523680627557,0.6143061948043591,0.07524292081107564
0.452664326042042,0.48548940379349637,0.7909748100400166
0.8466395466648736,0.3259369407138475,0.7183270465087119
0.16076649946304578,0.751732198182845,0.6351391301973003
0.09174979694550134,0.8387296824968359,0.6727462547483537
0.721695946662125,0.13562040306148393,0.19950028115921448
0.9361095817102455,0.36626942017897635,0.44455774719994834
0.3861742917340125,0.4883623557837352,0.6275302173072362
0.31229828156741013,0.6587700051900783,0.4811247355984102
0.6170368833715065,0.4794678897963166,0.6549299934360179
0.24948190791754277,0.0036561668292535154,0.9881174927195496
0.4428830628982957,0.19395636155443863,0.2310097261782591
0.4267485307604034,0.8019889603381268,0.3506223909177938
0.4878453542166006,0.7277809539137479,0.6505673619571014
0.056096974581202885,0.9486963860596727,0.990654231577583
0.9082085838691555,0.5817991877093824,0.6800643815903517
0.7276322580705091,0.31526202139757886,0.4392245450502188
0.790287645887279,0.8208408091918324,0.0944408520531328
0.5245059520059581,0.1646525080611878,0.9164866672463763
0.6474570228037072,0.12491579495147465,0.5631077469338961
0.28508660247041284,0.38971341121785175,0.54960501945331
0.9782118668050542,0.770612217535533,0.2039335163904641
0.4219324048202474,0.6755138714294279,0.1478553431135412
0.40461929032303634,0.6685323279677975,0.11348857831692094
0.17773550296570806,0.7045326806784555,0.1785371590974214
0.5937603297191522,0.5218915977820491,0.13241413091718135
0.9742840869140701,0.3182143634829899,0.8828496282900988
0.8649303578105838,0.05670093831128187,0.10081483608847253
0.028946082876534107,0.5362073623536919,0.05397674227917082
0.7395047261633391,0.40701296961227096,0.10824595038645501
0.05130148017380087,0.5746897001101982,0.5964720615426441
0.09985517696069368,0.5401758248489325,0.6031478885650471
0.15766209941448683,0.4404351364378586,0.15704428544983295
0.6882658816554568,0.9493598462134101,0.7159794504183608
0.814574798001871,0.3979831070772041,0.6356498606183006
0.6293788547866743,0.07430253405754961,0.3497382938375895
0.29405958179758307,0.9245168404061842,0.2717292782584193
0.05707605080654432,0.5863365400274431,0.5498034684798363
0.6774784470115012,0.5575169155005189,0.7529189560899816
0.8598665041275675,0.9681395329556582,0.22846217998559826
0.34867150535073255,0.2825768128861267,0.7969628095925368
0.5963131497418974,0.36774290917758967,0.4541738940866211
0.7035286804885068,0.8667450764878838,0.010163101113759176
0.05475056508120879,0.547049297221899,0.38738549791025445
0.4053989960754828,0.3546279740742545,0.48725455779038573
0.3370590209864257,0.5148737253215641,0.8493692707920026
0.7163547595253001,0.3884110697291637,0.7989684840269455
0.2982185105145091,0.26487362303144035,0.10247540759326801
0.8285201759732133,0.7514338449597554,0.3564890677396022
0.6391507453458858,0.9414992651434673,0.04893195938445649
0.7086116840334216,0.847675710514477,0.6565720391445762
0.7067490777026351,0.816421279541624,0.707374676208214
0.342701919902918,0.4791827415252359,0.6554651889178937
0.681626326889142,0.9322996198929401,0.1701289595104657
0.8545993915772644,0.5331752980648723,0.678588343014144
0.6664583115898122,0.9639961222292053,0.9439152111199965
0.48225945050951513,0.71926255187827,0.16761591105642115
0.4186905545079176,0.20961848955950024,0.7977648035110446
0.8156847217948129,0.42294970529784703,0.7164012998050945
0.34332171951459256,0.07120405784020023,0.274286570647407
0.7554637918609582,0.48856607917931316,0.07013084943065573
0.9837462676396219,0.8671570865521264,0.44594253581470245
0.023612709005191856,0.7968804883810694,0.8047424480891717
0.9087398651334405,0.2714794965366293,0.5996032810307433
0.765427702291183,0.04942936761140815,0.4980184994917274
0.8186064132004303,0.843419280598022,0.38483691460996516
0.12412101686815613,0.7815496574701583,0.3400842994859712
0.8658294028717879,0.8616713538161428,0.6379084869912807
0.5369410941920301,0.4633780782328899,0.6109340144482078
0.497831371878928,0.3248605690617311,0.3077877420871967
0.8694865995698116,0.28182013002581174,0.18416707202376115
0.3266077482992018,0.579535987174302,0.30143925848164255
0.956845476492652,0.22846503408132068,0.3467147931634018
0.036915425134973034,0.17682232660142905,0.529303549616861
0.6716641032773033,0.07587381040094243,0.9000938573740705
0.3129540772262247,0.5321045903112125,0.7362498182417739
0.25252353218368273,0.8401067598005403,0.16573173037142452
0.025163817142967004,0.6945270011014779,0.6054378706815547
0.21469067966100674,0.28191134742602575,0.018362469896975986
0.17516423500620848,0.8255027737221711,0.10662266469749937
0.3061589796547318,0.8111248099157738,0.5872768522715788
0.3500330195447666,0.39225776054702266,0.2662881295146322
0.5060076845136426,0.8541584222539244,0.3251955434586977
0.06384879014035405,0.9207289218637233,0.802099401648458
0.364490238298271,0.20764966856962652,0.04913572596987259
0.4398561597820617,0.9999542614076302,0.4398761885848467
0.7188196474591301,0.03144223915165312,0.7919191959484373
0.6286825626025656,0.747874349656618,0.6027105672253766
0.15395767200815735,0.8632521123965952,0.2620978916357911
0.8813450357987535,0.25145043706581593,0.22204446011598356
0.5202005980263594,0.32204933035109284,0.315436286216466
0.03221175619849004,0.7743328054351978,0.30146855818414353
0.3890192384166208,0.1827521089900539,0.2500534673988569
0.28317597400271133,0.9342564936808896,0.020504466970709068
0.6827028534857811,0.9470826501118953,0.20439877002823892
0.3196717664751696,0.6910902697115827,0.9374468275926187
0.11176281016106993,0.3856955439904477,0.03863477874918375
0.7622087356087115,0.9738276870082073,0.2578458209967529
0.5435842836062293,0.4849307742074256,0.6683863026578118
0.652002728689098,0.19382516501673452,0.22824024370734852
0.11858973258524985,0.7876764050533284,0.5790842188505458
0.8470778394484064,0.7023570345704878,0.8777123772407296
0.7883012691729389,0.8517651149175473,0.5229962633701168
0.8327918577432756,0.1787034869969667,0.2915308956933117
0.14846686622603356,0.9024824668922902,0.8451947169834912
0.7603872397827983,0.13530477138806252,0.8674572134568342
0.1278445189069074,0.5009782440316048,0.8375607986051948
0.05080791566157772,0.36100298404131625,0.12009404860797579
0.7947731549416,0.8627658910550202,0.37148988963836105
0.8410639741801708,0.07686390894438622,0.788143562008369
0.1254451730701983,0.3101805211290738,0.13318666544477897
0.7343564165401157,0.2148550634587385,0.08999148925541234
0.05423416075210252,0.9645275906890807,0.44335366211363303
0.017883045361278715,0.21883728181826645,0.5583328682290978
0.09010499930511706,0.8779003420972321,0.8241845922180416
0.3159099416876293,0.6610834487235534,0.19924297924957535
0.5280083441558288,0.27373982481938075,0.6522780555613369
0.5895067666118546,0.3139992324236416,0.20971086709145303
0.9360191777992887,0.621575906462517,0.4776264000139828
0.9596034220312695,0.7536166812555877,0.6387690297624282
0.666916037472762,0.5441206667156864,0.44904979677485946
0.5958514635089794,0.5879182776551607,0.4472907742383512
0.717154831963381,0.3422291639705578,0.3002896159717052
0.942271844140688,0.07094537791196465,0.7547041335565999
0.0462156206806964,0.8686618356529413,0.6738335645354471
0.6378984472938527,0.3866998485030846,0.9174548554667572
0.47401800888489865,0.6419075251211832,0.06072281118195455
0.09433714697285456,0.7541175795121934,0.5868854381872554
0.5313018895140771,0.6935968818786893,0.4950918356921442
0.37871734173171656,0.5723423132493676,0.39169921233255056
0.2688297417090204,0.6360712659547586,0.27390118855931955
0.9683934709414228,0.7737015588366513,0.6441554830798432
0.5507367768680461,0.19158625037900756,0.25860468208013065
0.11047066428107344,0.4802144724577633,0.07091532857394833
0.13126068348244724,0.27644751402944834,0.6625969635598189
0.9552133949085252,0.04838170618202453,0.5679828705746436
0.24421699020683185,0.6002661527868238,0.39394433184964384
0.6812000475536574,0.07050597959561422,0.3682361222219732
0.2120952708256001,0.21645464661210878,0.4624419699771788
0.7312656624717935,0.4422392080453019,0.9477367277904561
0.6667090960296057,0.3233857148901049,0.4441800659230466
0.6457769754543062,0.4535054896173222,0.363361941232361
0.7149523475417843,0.6745633046714005,0.03496518011363736
0.1851987195339181,0.9013123628615176,0.7425418462438131
0.12018967371970568,0.8399499128086744,0.3657987695005007
0.9929903476894681,0.9839961001931913,0.09740093881829404
0.5893832141795781,0.32249583750705446,0.567207437638703
0.9716954443612549,0.5970816010303852,0.10445540654912766
0.047549998162544904,0.598565481089915,0.07556398350592453
0.3587441998171662,0.4947024382887547,0.9422134262376217
0.5695398460402229,0.5625102749579108,0.04398514041367019
0.9334565399043987,0.6221732832535776,0.2960817947025791
0.6157384626154306,0.4268919441979354,0.011753536513108398
0.33544796498213225,0.3482752593309423,0.35950956495065134
0.6910719403397666,0.5508051876417843,0.8954481896894515
0.2317182281489063,0.2559859657990078,0.861202692088009
0.5704025816605341,0.2836212038349928,0.5296740591640258
0.1901753602436329,0.9302082759846196,0.8930885147135023
0.43560464301061075,0.841062469496925,0.24919089519092352
0.6328105481548207,0.43125924820240114,0.9991847932735591
0.9791781277814535,0.6250799674013188,0.16158933971673906
0.938703373466877,0.10755627293067416,0.07045941856384386
0.43814314222651796,0.3633185664174029,0.534312955432021
0.7118881277981028,0.07359328170533619,0.040373074530823616
0.22478081914231185,0.5393805982521801,0.9756266566953969
0.3964060668375762,0.26147689552776066,0.16268635303436108
0.8436814765014808,0.6468960966824071,0.15952097403844734
0.47594595150004637,0.34371595072254535,0.7381078759336929
0.5437511056109301,0.38508685013682387,0.013216461884714592
0.08321424793559307,0.5861138705117981,0.9420193912949137
0.49562986201427006,0.07414643471746307,0.24011180606155258
0.8518171279261866,0.005910093590536847,0.3505349085235999
0.437754710482533,0.4166077444177725,0.6948042917182767
0.35461063853826436,0.4527862999135409,0.6164000625527748
0.6342747970544572,0.7700472799038168,0.6024452934950071
0.023752063263700607,0.4493594347553661,0.29725480813838523
0.18446110012241568,0.9901133065716684,0.21559315765220788
0.8109569781387287,0.12647707293524768,0.7269246129148854
0.467011864475148,0.9339662867314086,0.8457497778846015
0.1394438125038786,0.6216160238501897,0.8137174921833041
0.0828400937660938,0.2682326576235363,0.5262962534473187
0.4827308552149224,0.4839727849207016,0.05890387102532968
0.34273838182456384,0.1845958975807913,0.08226071562935688
0.6456205074490418,0.43095290516191853,0.2653391424720567
0.6689711707748969,0.49477801431056034,0.18716906923800258
0.3008928222521712,0.39541221175626085,0.7877214418577112
0.23751771763803908,0.8049218210117338,0.27649165120559493
0.532095685764852,0.4477782446909597,0.24520579252282682
0.42990098931294773,0.1280583575636639,0.8657204382913894
0.3702717119723059,0.9582388995488972,0.12847354640148378
0.0003303776086142074,0.07291649363316832,0.7619781599405681
0.8118864977355835,0.3056181298536478,0.2894902529600615
0.8610045443619668,0.48733721624258497,0.6893594608465038
0.5474123508301095,0.6056603077975354,0.8597047580214009
0.726594171163789,0.5847446718049989,0.8109991997803973
0.19850554363845252,0.5583527092581969,0.12676796442006721
0.6914900578215551,0.013702865461070912,0.378099395487856
0.40824909084447913,0.9207968043063771,0.14197294124090654
0.11872912691886162,0.6601884265100971,0.31289080692593296
0.14784149908125077,0.5035555215456552,0.46867269006197987
0.5472296462128637,0.02240836216532971,0.33180429537499245
0.6168400736207563,0.7242393431480854,0.4245864626661727
0.7017817495098314,0.495749406574695,0.0331953951223809
0.753938874401393,0.134741327453897,0.9143510038324464
0.4219808006261935,0.09224392079045907,0.16931088858111032
0.022332065095902576,0.9585719376271361,0.06640074722912381
0.7391851791881089,0.4615856844469176,0.26109125034747216
0.9553888425042932,0.7887362405166539,0.14200417276468236
0.41150387726542226,0.9181102137136358,0.29419908443273524
0.8144818099667062,0.4105726413874531,0.4077395358709551
0.003111883554194783,0.12629409981397643,0.8347777358485632
0.6784656101557942,0.760098526220616,0.27763611604793925
0.8624647136069858,0.8365286807355219,0.08110581014176454
0.9650894942662519,0.07480448896910352,0.023869368687343462
0.07672480418000516,0.410845526266164,0.07264032021138367
0.1984527990587539,0.8535072568024625,0.5513498679980949
0.6202356545167043,0.5439352594511119,0.23932073878626492
0.04182779209101639,0.6323771571911335,0.3608657902232515
0.47744617643258036,0.9313785738015966,0.3863036424270121
0.34764951461629656,0.5943249948762244,0.5315769360309811
0.38877547032085846,0.08494042526798051,0.6459707735159341
0.4818250136316645,0.4048672400018877,0.4488981015499347
0.45151849171086145,0.4920739359756461,0.954782469731062
0.6840039350423341,0.929730784940206,0.8557171301777837
0.9164665011043501,0.9344652663413615,0.7387635143508406
0.6866767418849016,0.14439092841991563,0.2594707819666491
0.18885762570733133,0.03159591424570041,0.04169957256025136
0.9367584842800865,0.24974281426690326,0.5749755703920602
0.9943880845346377,0.9648596586706544,0.15749265768096776
0.011664109608709894,0.2549995897587565,0.10706062539092942
0.06561230708698229,0.8833409753169564,0.6360720896360429
0.2796766653409618,0.6425964503092307,0.7935902438678687
0.5327507302827402,0.3819457330683862,0.21741377950701646
0.11187331412640245,0.8526388913170957,0.4837262782770956
0.0986323355653731,0.028486423135280714,0.7496960103513975
0.28859260223073857,0.8963363641015719,0.6124113209710537
0.5366030640164586,0.9414447168136826,0.04852486446319826
0.04325564702026552,0.29785121479795207,0.9764794251133236
0.9230603362920026,0.9151191406735043,0.3939354255366796
0.3944159799559971,0.8489035352762647,0.4726380389208472
0.3542159652575032,0.05207151238271279,0.6461051030375948
0.40286528358796014,0.9616644087892814,0.9530316538289713
0.4729504441467267,0.37772252729699196,0.6837439947028221
0.5253208061673984,0.03886178419752462,0.16302435267102844
0.6891286726170756,0.15137326538602658,0.761368061539056
0.020571934051060503,0.613744511776549,0.29732961963795457
0.27917886034551775,0.6529401543587152,0.8903153241452477
0.8086935523160937,0.7714389255962285,0.43075232748115333
0.15217808801495525,0.09174582410001608,0.19318701789105586
0.137337354313534,0.4300292403145921,0.7086872440630381
0.08260717331028122,0.09102904304230575,0.15563683878000145
0.47936852605613745,0.575083622713408,0.1449863533067024
0.04623516529206706,0.6968359850029583,0.9669903649128936
0.7785417153579671,0.02219575519483641,0.8876630566736772
0.38846480059325716,0.6094179920815629,0.042981631385548225
0.8260858136093245,0.41101574566531407,0.3808463045265271
0.1997190827437646,0.25237289912847294,0.1754628665737744
0.43501991540987517,0.09716638850023995,0.01289048617647126
0.99169949069443,0.19377256916614216,0.7989627638834469
0.789820616192408,0.5612761022888182,0.2079546495088188
0.07036177807263999,0.7195249550406165,0.9580218829376218
0.4075914002354557,0.5792676284291268,0.21826147729148215
0.8034448131922537,0.3329100256942248,0.03878197389330684
0.523341808338232,0.40049438359880873,0.14798595263259506
0.6803700750233781,0.3004085592379683,0.6855319891122559
0.4825540231910611,0.752952971264728,0.21711070874417193
0.6546480463895604,0.9429710952895937,0.5250305875293663
0.02848256175853625,0.14216596268397774,0.4205379859712808
0.5539995119262452,0.6656992893192086,0.08900266966542403
0.1472888308420326,0.2172735036248653,0.13209763568908173
0.7824026643241259,0.42946088215490164,0.03504998960732886
0.19400716467829315,0.8948646056742532,0.5452557230812518
0.31181500268971807,0.7936396214041055,0.3605730266337026
0.688126816957006,0.4148329165100225,0.4068808464427094
0.5943055174859373,0.8096200486995893,0.45541779475412936
0.45716786904229245,0.686957227580854,0.024992256904460608
0.7770594405094161,0.4656168601634314,0.005537139589718798
0.40604801258572976,0.9315509776846865,0.8774729110471683
0.9037908284321629,0.34739841540683936,0.9296854213153777
0.11641609416276866,0.9575374524287134,0.3970352669385976
0.9813899662079801,0.9115072829758981,0.5524275900151443
0.2581154031989774,0.24578410749968072,0.11041725105918987
0.344058545108179,0.3292101923903483,0.5382572231800933
0.7915435908722718,0.5229677953846944,0.9143277656163977
0.8410930326079396,0.43970433966582,0.0835507705794244
0.9189695976427023,0.8315052195494408,0.4023216664359366
0.9147103690130988,0.5256640246593541,0.6340120103624669
0.7039500466291819,0.021442832889439378,0.5838620758855579
0.9038397261672024,0.10194211684224941,0.9799985800308673
0.008260803152434493,0.46385644286615135,0.8410064799772513
0.8506632963622798,0.2538610958150801,0.33556504838825085
0.6594098109330175,0.547852992195272,0.01594096401224343
0.6568323045230221,0.18026900506826227,0.27769430457202227
0.5396414154449353,0.4939848995097421,0.8924160927830502
0.28722188556089645,0.12435666920095445,0.8811746321489988
0.7124951836304292,0.3729174613065416,0.8968633423474658
0.525865519261855,0.009595275243696522,0.26806387468695747
0.7651864414023029,0.9297046717710938,0.6714742444161507
0.5632106291733401,0.6863189528353929,0.034498109803334565
0.34481847626827133,0.6958321978060727,0.1254468071851902
0.21272756302480478,0.3244524316353937,0.8373582321192555
0.4421096850658932,0.24118971288965796,0.7536530009442355
0.5337568101910214,0.9025454906416404,0.5158864793184522
0.7253919421855537,0.639268918946156,0.17575182584327698
0.7950122346570745,0.3611811612006014,0.8226325916834667
0.050892322375786,0.6754149640009823,0.9460074744396818
0.588751623067727,0.19836652905774976,0.7124822372422903
0.024337314492046902,0.035006956051838456,0.4306915074541937
0.5714504025994753,0.8562927033287588,0.46238163770324714
0.03950166350116979,0.49709454482802107,0.9797787380536472
0.16098295868612955,0.09641857870542714,0.8372793278209267
0.07289924334054765,0.33083666102868303,0.9801364953630135
0.8983083846153763,0.35356325569663405,0.4968406212496733
0.15694693107462443,0.3189406549698658,0.47601725807925355
0.8644549806703328,0.5027024924518777,0.03222759781404827
0.950893704747075,0.8364404072290773,0.6134724043371816
0.9659155331944664,0.776596658300119,0.9158043150905277
0.8180910766322219,0.3711316273083597,0.7456662787939772
0.8318436417396169,0.1727881441110255,0.18043755256061822
0.8105666355215181,0.45178019313414,0.14602469191096534
0.11231819898670381,0.870196831356344,0.5575403770180186
0.8478382351553753,0.5584149868832973,0.1637841953908572
0.6685759800117363,0.5099468175463412,0.056376885367013796
0.398110387791759,0.35819822679169144,0.581469377974492
0.9259826900833618,0.30018619789172396,0.5879757912408037
0.015762241965850743,0.37169025273210277,0.7142515749930962
0.180093098809037,0.009886218600440477,0.6812077517604387
0.28110209906932815,0.3433856488474326,0.3933152108661292
0.4629247632816068,0.28015439435834777,0.21844611037858286
0.6303910871557157,0.43335270902534195,0.6368373324265962
0.4379108767918696,0.14245101377985303,0.008375146134600997
0.36078805184337437,0.4225720825697664,0.7225387267279236
0.2748782078301849,0.4499312251983818,0.39969930248870156
0.31488880101492733,0.5577836526800424,0.6252036543942597
0.5496635301387445,0.04644172260439061,0.7336522860089439
0.34156078996860295,0.7011628277478114,0.3602786148261954
0.2388919557813658,0.4632651119642166,0.9525859773059886
0.3799260124043903,0.33692387117073586,0.10558924874156994
0.31250280902948224,0.40931831988245715,0.5339641027690526
0.33890965371130033,0.7364126670725214,0.021263634605282022
0.287870517348208,0.07343303410007962,0.5686743118481425
0.28339737114816255,0.5707947870597102,0.3320764817309171
0.9852959718463613,0.9399338419296316,0.25524926605841025
0.8149853877706245,0.7868156825055618,0.6268985397784022
0.07954368877170148,0.5195156576723061,0.8922099155512551
0.9371486291226023,0.1193672620441153,0.12057988490090843
0.017841379906484045,0.35077649604943806,0.660820854273311
0.902454077306942,0.02136824364502532,0.1652452128865587
0.588226247145277,0.9439747020830576,0.9162580417756088
0.5367274959634275,0.7010373735041637,0.7958258035181298
0.22208664011543688,0.17187950073755465,0.09442011676438444
0.2796681399867529,0.7462324584944107,0.4345103425289626
0.2325030760615049,0.9217130257855747,0.31313622532532137
0.057215644862709025,0.7125637842020422,0.13817755926535114
0.5402357534854948,0.3494809743250097,0.3700556359314109
0.1275958533451802,0.3710389101117686,0.13102943595389738
0.010892087047808086,0.5014339859040796,0.13180499615865815
0.7559542935600659,0.33846204555051884,0.31793824038193985
0.8764691593741655,0.9966179316673336,0.8305821168847694
0.5021493668261717,0.4668626293481173,0.7286850793508817
0.25883607036039535,0.1200414871815807,0.5367308984261762
0.22188675171461836,0.9676635805419229,0.19504320762942695
0.6361580465173171,0.0703031973992494,0.2696012067172807
0.011703924755990025,0.08002815203462299,0.5796347290893453
0.25070804013387427,0.39788381023167874,0.07882159308980707
0.35871951457113593,0.5967215799596084,0.19055618403709906
0.6513155965812124,0.8767973251986243,0.35194476651272943
0.39261083974442124,0.14227298940208433,0.15303210275007195
0.2563871119194263,0.6130405235871911,0.24608213323082606
0.5273599885293412,0.4180333685767711,0.4350479705828011
0.024083898636548473,0.8022580623627048,0.28277829993391157
0.5335146940361231,0.8269986769912032,0.8450358692324565
0.4240264025067034,0.6514516151138395,0.934790594863593
0.9248955699501393,0.4842478406566699,0.16154506830693982
0.9633588701047107,0.36819524523608094,0.07430477006946878
0.35981011236062965,0.37106918014828116,0.7247260776617273
0.9824325101664841,0.8835772304464123,0.9683622213868361
0.49734447640842994,0.039132925456476286,0.9067229828341591
0.3999028078907557,0.6533752459859888,0.590467995043993
0.7465350552874381,0.7686709044426767,0.8123601552214803
0.6952457228945119,0.41245312416549995,0.06298802975705187
0.41209605197287824,0.41840652339541373,0.530412238579552
0.12605406120649443,0.7800105153209931,0.9727740456843009
0.48695728460576415,0.12034555379899936,0.6898419265706064
0.9116549143435448,0.963910504242529,0.7258612812769786
0.6305735191790173,0.49370731039960336,0.6661111311152857
0.23465324195869552,0.7644304001816116,0.7345320176247945
0.4336280525382429,0.34069773773393,0.2025474529267034
0.07987064007231581,0.28611581396921026,0.4401618791001508
0.4655899701528766,0.30212061983462957,0.8201531645024576
0.8907963386545904,0.23347962276908174,0.8081413304326613
0.46433229197587156,0.865341307635301,0.3202158945288759
0.4722791966713502,0.26257044932764373,0.1799355949731487
0.5191266595412682,0.6903523110339418,0.9690679517324401
0.17771237710762378,0.25112131722389297,0.306875451780942
0.7596332193849596,0.08684132885226903,0.174111941114667
0.508342244628825,0.39863902877280943,0.8171756440685846
0.610952222034082,0.2889548454990838,0.1690191268767346
0.15856986510225235,0.17001557774451115,0.3355025591500337
0.7846366701922236,0.10176635200406936,0.86393445962041
0.6488904525032488,0.5386226856600841,0.5254136289055811
